"type","profileName","profileImage","userId","socialData","id","createdAt","updatedAt"
"ENS","leal.eth","https://ipfs.io/ipfs/QmeaZbqMznxsST8RyJwyKd8igbZmHcYpno5fatK6ervaqo",2,NULL,1,"2023-11-14 09:58:40.487","2023-11-14 09:58:40.487"
"TALENT_PROTOCOL","leal","https://talentprotocol-mvp.s3.eu-west-2.amazonaws.com/63a634bf10eaab4ea4cb8d4057919d3b.jpg",2,NULL,2,"2023-11-14 09:58:40.894","2023-11-14 09:58:40.894"
"LENS","fleal","https://cloudflare-ipfs.com/ipfs/QmR8fJ41J75n15C3HBF453iA25kpNhVAFTQvkAdQSLFRLn",2,NULL,3,"2023-11-14 09:58:41.34","2023-11-14 09:58:41.34"
"ENS","macedo.eth","https://ipfs.io/ipfs/QmSvuQRkMjL7p2C7VVwbvUfyakPDqAdfe4dv3RkAe5Xr8s/0.5.1_1.8.2_2.7.1_3.2.3.5_4.2.1_5.4.4_6.1.1.jpg",3,NULL,4,"2023-11-14 10:43:11.479","2023-12-06 10:05:32.909"
"TALENT_PROTOCOL","filmacedo","https://talentprotocol-mvp.s3.eu-west-2.amazonaws.com/8e71868c4c70d0f45bdbf3e9735e10ba.jpg",3,NULL,5,"2023-11-14 10:43:11.87","2023-12-06 10:05:33.285"
"LENS","macedo","https://cloudflare-ipfs.com/ipfs/QmfYKcLUbxwU1JxcWWoAm6kCopDGViXpWmJjXnRbpkuqEp",3,NULL,6,"2023-11-14 10:43:12.461","2023-12-06 10:05:33.679"
"FARCASTER","macedo","https://i.seadn.io/gae/7ZhhLFokupYtg8lV5kdK4XA7i5lhmlGGXOawJYmhuU-mzVjPaT9vsI68egJyQrfY_z1noAgRvoK2EML4Wk7wbDdVF72RFeR2g-FJQA?w=500&auto=format",3,NULL,7,"2023-11-14 10:43:12.503","2023-12-06 10:05:33.722"
"ENS","rudnevsky.eth",NULL,5,NULL,8,"2023-11-14 11:21:40.784","2023-11-29 05:48:52.165"
"TALENT_PROTOCOL","rudnevskyy","https://talentprotocol-mvp.s3.eu-west-2.amazonaws.com/74286b7e8dd94410fabbf0e248e191f4.jpeg",5,NULL,9,"2023-11-14 11:21:41.168","2023-11-29 05:48:52.582"
"LENS","rudnevsky","https://cloudflare-ipfs.com/ipfs/bafkreig2iwbzscvtz5hmbt27ccm52b47okrzijqd4tdlacrti3allnxole",5,NULL,10,"2023-11-14 11:21:41.545","2023-11-29 05:48:52.929"
"ENS","limone.eth","https://ipfs.io/ipfs/QmTkm1N8Rx82UE1qsG2CUVAi65og1cpzCGG3EFSpCxUDcR",4,NULL,11,"2023-11-14 11:22:26.976","2023-11-27 08:15:39.013"
"TALENT_PROTOCOL","limone","https://talentprotocol-mvp.s3.eu-west-2.amazonaws.com/921075eb5ebbd30181c95a0c97362764.png",4,NULL,12,"2023-11-14 11:22:28.321","2023-11-27 08:15:41.042"
"LENS","limon3","https://cloudflare-ipfs.com/ipfs/QmWyTqK26K6g1SkXJrkuuyBmq3a7EWcW2eK8M1hERhJqZ4",4,NULL,13,"2023-11-14 11:22:28.71","2023-11-27 08:15:41.413"
"FARCASTER","limone.eth","https://lh3.googleusercontent.com/JZ71snUrZuXVfdlHyvph9QD6c-TOipKs0Id2XIDAXmOlRzUuaCeN-2YPeXcQvqMWRyQ_nWjislaXrpTJAEeswfzB8xK6ffyZCHKS9Q",4,NULL,14,"2023-11-14 11:22:28.754","2023-11-27 08:15:41.449"
"ENS","pcbo.eth","https://ipfs.io/ipfs/Qmbov6bBPNVd78EZNjUXBhc6WT32c2EamCmA62ZBRViedL",6,NULL,15,"2023-11-14 11:28:19.946","2023-11-30 17:53:14.601"
"TALENT_PROTOCOL","pcbo","https://talentprotocol-mvp.s3.eu-west-2.amazonaws.com/b2bf6a8bcaa7bc09ad66cd86b2b10bf1.png",6,NULL,16,"2023-11-14 11:28:20.326","2023-11-30 17:53:14.787"
"LENS","pcboliveira","https://cloudflare-ipfs.com/ipfs/bafkreifwqayykyshit3uq67vnvg3orfnd57oaeeol7sj6jlx3nzo76evxi",6,NULL,17,"2023-11-14 11:28:20.695","2023-11-30 17:53:15.132"
"ENS","impactbilli.eth","https://lh3.googleusercontent.com/drive-viewer/AJc5JmTSWl9GPsdapgi71GKphxUHXiAAlllJRqiMNOCikAs0VYlt7C-GRX90sNS5VdmUcrsUtA18590=w3456-h2002",7,NULL,18,"2023-11-14 11:36:33.418","2023-11-25 22:35:14.698"
"TALENT_PROTOCOL","impactbilli","https://talentprotocol-mvp.s3.eu-west-2.amazonaws.com/7ce2df42b4d2d81aa1a36c9a2b9caaeb.jpg",7,NULL,19,"2023-11-14 11:36:33.812","2023-11-25 22:35:15.181"
"LENS","impactbilli","https://cloudflare-ipfs.com/ipfs/bafybeiaogkv4blbk3n6ud6wi5nbww6tyqwhmiblqfz2n377nw5o63scei4",7,NULL,20,"2023-11-14 11:36:34.182","2023-11-25 22:35:15.593"
"ENS","tolgadizmen.eth","https://euc.li/tolgadizmen.eth",8,NULL,92,"2023-11-14 12:12:36.285","2023-11-29 08:02:56.931"
"TALENT_PROTOCOL","tolgadizmen","https://talentprotocol-mvp.s3.eu-west-2.amazonaws.com/ae25f7674cff29634cf14407db40837d.png",8,NULL,93,"2023-11-14 12:12:36.647","2023-11-29 08:02:57.36"
"LENS","tolgadizmen","https://statics-polygon-lens.s3.eu-west-1.amazonaws.com/profile/nft-0xf924efc8830bfA1029fA0cd7a51901a5EC03DE3d_polygon_0x41033160a2351358ddc1B97eDd0bc6f00CdEca92_8.png",8,NULL,94,"2023-11-14 12:12:37.046","2023-11-29 08:02:57.753"
"ENS","jampol.eth",NULL,9,NULL,107,"2023-11-14 12:23:26.993","2023-11-18 13:37:54.211"
"TALENT_PROTOCOL","juampi","https://talentprotocol-mvp.s3.eu-west-2.amazonaws.com/ab2cddf6a1c41a89e42b1bb2d3f89f37.jpg",9,NULL,108,"2023-11-14 12:23:27.372","2023-11-18 13:37:54.604"
"LENS","juampi","https://cloudflare-ipfs.com/ipfs/QmQzjhHuprohns59P5GmbCbpy9LwRU12S5ngZsf9HWzw3M",9,NULL,109,"2023-11-14 12:23:27.752","2023-11-18 13:37:54.973"
"ENS","forkh.eth","https://euc.li/forkh.eth",10,NULL,125,"2023-11-14 14:55:23.204","2023-11-18 14:11:43.479"
"TALENT_PROTOCOL","0xforkhunter",NULL,10,NULL,126,"2023-11-14 14:55:23.601","2023-11-18 14:11:43.903"
"TALENT_PROTOCOL","rubendinis","https://talentprotocol-mvp.s3.eu-west-2.amazonaws.com/1d337c50ff644a424ce350565c4b1e24.png",11,NULL,127,"2023-11-14 15:10:15.402","2023-11-24 22:11:39.221"
"LENS","rubendinis","https://cloudflare-ipfs.com/ipfs/Qmdw85DdEdaXF5Xz7QzGby5WKNri7JnH1j4rr8FeAZGzuk",11,NULL,128,"2023-11-14 15:10:15.796","2023-11-24 22:11:39.65"
"ENS","ppereira.eth","https://euc.li/ppereira.eth",12,NULL,129,"2023-11-14 15:26:42.506","2023-11-22 10:59:55.479"
"TALENT_PROTOCOL","pedropereira","https://talentprotocol-mvp.s3.eu-west-2.amazonaws.com/48d39eddf988ab82bef37c6b801e03c8.png",12,NULL,130,"2023-11-14 15:26:42.903","2023-11-22 10:59:55.861"
"FARCASTER","ppereira","https://i.imgur.com/nncozNt.jpg",12,NULL,145,"2023-11-15 11:17:47.532","2023-11-22 10:59:56.219"
"ENS","paulofonseca.eth","https://ipfs.io/ipfs/bafybeib4eo3ejaujzbb2xb7kgv6kysr5fqimp3tgwijymqgidpz5dld26i/image",15,NULL,152,"2023-11-15 13:26:12.439","2023-11-15 13:28:26.043"
"LENS","paulofonseca","https://cloudflare-ipfs.com/ipfs/QmaFCofpPL8JLYs7uBkhftED6R32X3Fh3u4D7tZNT7tEYY",15,NULL,153,"2023-11-15 13:26:13.237","2023-11-15 13:28:26.842"
"FARCASTER","paulofonseca","https://i.seadn.io/gae/ntYF0Q6rLIUgeJWYR_Rro7k7EEkZj_KmfA2kYQcl5tlzr3Vf1eNevAQ21NOk7kXvpvWOF2_DGwoQsEUOAr4WztxwsQh0ynnCvGcSiA?w=500&auto=format",15,NULL,154,"2023-11-15 13:26:13.262","2023-11-15 13:28:26.88"
"ENS","whtifigo.eth","https://euc.li/whtifigo.eth",17,NULL,158,"2023-11-15 13:41:48.819","2023-11-15 13:41:48.819"
"TALENT_PROTOCOL","whtifigo","https://talentprotocol-mvp.s3.eu-west-2.amazonaws.com/8909ecae15b3c1cbe1b00086f1f38482.png",17,NULL,159,"2023-11-15 13:41:49.237","2023-11-15 13:41:49.237"
"LENS","whtifigo","https://statics-polygon-lens.s3.eu-west-1.amazonaws.com/profile/nft-0xFFbEAFE9e45Aa603915a56BB2ed31f30d1E82b06_polygon_0x41033160a2351358ddc1B97eDd0bc6f00CdEca92_469.png",17,NULL,160,"2023-11-15 13:41:49.641","2023-11-15 13:41:49.641"
"TALENT_PROTOCOL","icrus","https://talentprotocol-mvp.s3.eu-west-2.amazonaws.com/7e92179b40776adacb2f5980d7e9bbd2.png",20,NULL,161,"2023-11-15 13:43:33.945","2023-11-25 10:25:42.79"
"ENS","ipeciura.eth",NULL,27,NULL,173,"2023-11-15 16:01:57.095","2023-12-05 15:03:58.677"
"LENS","shnoodles","https://cloudflare-ipfs.com/ipfs/bafybeig6zzdup5do5ebucqjeghdpkpqlopuzcybxwftay6pnwu3hwkuxzi",27,NULL,174,"2023-11-15 16:01:57.868","2023-12-05 15:03:59.429"
"FARCASTER","ipeciura","https://i.seadn.io/gae/NDJL_qa7K1lYL1mUWBPV4XL-Y3_hwAMBsCSioWqpTYku430ssIS3IzuS5nGzRTPvVga4LGChNotzFaLmvrpokUS3tqSuMjw2XKlO7w?w=500&auto=format",27,NULL,175,"2023-11-15 16:01:57.895","2023-12-05 15:03:59.454"
"TALENT_PROTOCOL","darph","https://talentprotocol-mvp.s3.eu-west-2.amazonaws.com/026e667f164f8f9f53bf0e5be8d7dcd8.jpeg",16,NULL,176,"2023-11-15 16:18:31.742","2023-11-22 18:09:10.875"
"FARCASTER","","",16,NULL,177,"2023-11-15 16:18:32.112","2023-11-22 18:09:11.27"
"ENS","verdefred.eth","https://ipfs.io/ipfs/QmTJXWgJsotwL259144DxaaHkEoGmnQqqBtCx6Yk9cyzvP",30,NULL,178,"2023-11-15 16:31:24.456","2023-12-05 16:04:16.601"
"ENS","pacotr.eth",NULL,32,NULL,182,"2023-11-15 18:33:23.717","2023-11-15 18:33:23.717"
"TALENT_PROTOCOL","proul","https://talentprotocol-mvp.s3.eu-west-2.amazonaws.com/6c4d2e9df3c50918b78c19ab1794e798.png",32,NULL,183,"2023-11-15 18:33:24.145","2023-11-15 18:33:24.145"
"LENS","pacotr","https://cloudflare-ipfs.com/ipfs/bafybeifta3mw3s4mejthpgyiqzjapr5mkagrthteylytgycj5hq262j3l4",32,NULL,184,"2023-11-15 18:33:24.52","2023-11-15 18:33:24.52"
"ENS","dawufi.eth","https://ipfs.io/ipfs/QmSNBc3E9XXSCDKbTXKugKtvtGnRAei6CjnKjJ8f8kxUgg",28,NULL,186,"2023-11-16 00:05:11.776","2023-12-04 15:40:13.639"
"LENS","dawufi","https://lens.infura-ipfs.io/ipfs/QmZH8FEBdYEySrs3KRyZDQTNAVVQwZAg4VpjUggfwoDh62",28,NULL,187,"2023-11-16 00:05:12.508","2023-12-04 15:40:14.366"
"FARCASTER","dawufi","https://i.imgur.com/E51kh9y.gif",28,NULL,188,"2023-11-16 00:05:12.539","2023-12-04 15:40:14.402"
"ENS","erikvalle.eth",NULL,36,NULL,192,"2023-11-16 06:11:05.986","2023-11-16 19:34:46.74"
"TALENT_PROTOCOL","erikvalle","https://talentprotocol-mvp.s3.eu-west-2.amazonaws.com/cc9823b09df04f0f0b45a5a0d20cf63d.jpg",36,NULL,193,"2023-11-16 06:11:06.378","2023-11-16 19:34:47.11"
"LENS","erikvalle","https://cloudflare-ipfs.com/ipfs/QmY9wRFCgzgWhUPXXyFDr4TZPSXYSJqUfn3itgfhy3BVfm",36,NULL,194,"2023-11-16 06:11:06.778","2023-11-16 19:34:47.506"
"ENS","camelliayang.eth","https://www.camelliayang.com/uploads/1/1/8/2/118233894/cy-avatar_orig.jpeg",19,NULL,201,"2023-11-16 09:59:45.931","2023-11-22 11:04:15.329"
"TALENT_PROTOCOL","camelliayang","https://talentprotocol-mvp.s3.eu-west-2.amazonaws.com/bbb5f7fe270ed7ddd83fd00290fdc44d.png",19,NULL,202,"2023-11-16 09:59:46.317","2023-11-22 11:04:15.694"
"LENS","camelliayang","https://statics-polygon-lens.s3.eu-west-1.amazonaws.com/profile/nft-0x6902E5CAf41158d3eD516cBd6D2807BB63863F42_polygon_0x41033160a2351358ddc1B97eDd0bc6f00CdEca92_451.png",19,NULL,203,"2023-11-16 09:59:46.68","2023-11-22 11:04:16.08"
"ENS","orbulo.eth",NULL,31,NULL,210,"2023-11-16 12:32:22.269","2023-11-27 19:53:51.002"
"FARCASTER","orbulo","https://i.imgur.com/6llolP3.jpg",31,NULL,211,"2023-11-16 12:32:23.01","2023-11-27 19:53:53.13"
"ENS","jakubrusiecki.eth","https://ipfs.io/ipfs/bafybeifjlg6bhsv2jqrm35kkqa2euhz5mbo3mmo2n5kpuu2uc5ome2b4bm",40,NULL,217,"2023-11-16 17:17:40.849","2023-11-16 17:24:01.625"
"ENS","brichis.eth",NULL,43,NULL,228,"2023-11-17 08:14:13.01","2023-11-17 08:14:13.01"
"TALENT_PROTOCOL","brichis","https://talentprotocol-mvp.s3.eu-west-2.amazonaws.com/7d43e5a68fa1cab65d9a294319af5aaf.jpg",43,NULL,229,"2023-11-17 08:14:13.378","2023-11-17 08:14:13.378"
"LENS","brichis","https://cloudflare-ipfs.com/ipfs/QmR7zv7xrRUdqYv5Nea1wC4vTqKzNPVX1Zzzt41riiHgEr",43,NULL,230,"2023-11-17 08:14:13.76","2023-11-17 08:14:13.76"
"ENS","hot.naps62.eth",NULL,49,NULL,245,"2023-11-17 11:47:42.409","2023-11-17 11:47:42.409"
"TALENT_PROTOCOL","naps62","https://talentprotocol-mvp.s3.eu-west-2.amazonaws.com/a4ee8f1e98d5ffab227ebd73dde6990d.png",49,NULL,246,"2023-11-17 11:47:42.781","2023-11-17 11:47:42.781"
"LENS","naps62","https://cloudflare-ipfs.com/ipfs/QmZ4hUYFZZy5nfYMRwyMtctJH3SshAgt1vdbdg2gzs1aEH",49,NULL,247,"2023-11-17 11:47:43.149","2023-11-17 11:47:43.149"
"FARCASTER","naps62.eth","https://i.imgur.com/QwCbcHS.jpg",49,NULL,248,"2023-11-17 11:47:43.178","2023-11-17 11:47:43.178"
"ENS","blackicon.eth","https://euc.li/blackicon.eth",48,NULL,249,"2023-11-17 12:40:55.872","2023-11-22 14:41:46.161"
"ENS","rawrthur.eth",NULL,52,NULL,250,"2023-11-17 13:02:37.009","2023-11-17 13:02:37.009"
"TALENT_PROTOCOL","arthur","https://talentprotocol-mvp.s3.eu-west-2.amazonaws.com/d638c33bea4ff96fc8557d96983f426c.jpg",52,NULL,251,"2023-11-17 13:02:37.392","2023-11-17 13:02:37.392"
"LENS","rawrthur","https://statics-polygon-lens.s3.eu-west-1.amazonaws.com/profile/nft-0x14185559Bc21C98B9Dec8bAe14cE3Db172B506Af_polygon_0x41033160a2351358ddc1B97eDd0bc6f00CdEca92_283.png",52,NULL,252,"2023-11-17 13:02:37.79","2023-11-17 13:02:37.79"
"FARCASTER","az","https://lh3.googleusercontent.com/joJczLOXqLQa1V97ux1v5lLInOMW6bGe3OaxhTIA2c4Ug56Ivm8Pq6lVmHH959Z8j1vf5xjwlau686OHeWRR-XTtvioC_mECYcGq",52,NULL,253,"2023-11-17 13:02:37.808","2023-11-17 13:02:37.808"
"ENS","bph.eth",NULL,59,NULL,260,"2023-11-17 17:14:05.323","2023-11-17 17:14:05.323"
"FARCASTER","brad","https://i.imgur.com/FqNbamE.jpg",59,NULL,261,"2023-11-17 17:14:07.018","2023-11-17 17:14:07.018"
"ENS","skerskerr.eth",NULL,66,NULL,262,"2023-11-17 17:46:49.164","2023-11-17 17:48:50.045"
"ENS","betashop.eth",NULL,29,NULL,270,"2023-11-17 18:44:28.969","2023-11-25 07:38:24.083"
"LENS","betashop9","https://cloudflare-ipfs.com/ipfs/bafkreibdh3kkx252r4uspddpi7qm7aohz5gclgcxz55xjwxiqyj6kgbnji",29,NULL,271,"2023-11-17 18:44:29.691","2023-11-25 07:38:24.858"
"FARCASTER","betashop.eth","https://i.seadn.io/gae/L6orcQneNpLm3BYUN1cDsOAalQdWtWPPEUAMuQzpqNzH1hgQMDom79OBfDC8JI7oPlRoZX_ie_CkBxIqxNeTOo8IiGo0iSwkvUhgIFo?w=500&auto=format",29,NULL,272,"2023-11-17 18:44:29.716","2023-11-25 07:38:24.893"
"TALENT_PROTOCOL","hcaiano","https://talentprotocol-mvp.s3.eu-west-2.amazonaws.com/ade6e156a2305028715c64e6d9b690c1.jpg",70,NULL,279,"2023-11-17 19:21:00.133","2023-11-28 16:54:26.489"
"FARCASTER","okhai","https://i.seadn.io/gcs/files/da7a9b869e1054e4da13345390c6c7d9.jpg?w=500&auto=format",72,NULL,289,"2023-11-17 20:00:53.635","2023-11-17 20:11:47.981"
"ENS","okhai.eth","https://ipfs.io/ipfs/QmVLw5mUH3bVWsVMBpT11BL3tYkMcxLJ76dgbyx8AWk4Ue",72,NULL,292,"2023-11-17 20:24:46.389","2023-12-05 21:26:23.914"
"TALENT_PROTOCOL","okhai","https://talentprotocol-mvp.s3.eu-west-2.amazonaws.com/89e0c9e0e51ca0f18631ae80cfa9b4d8.jpg",72,NULL,293,"2023-11-17 20:24:46.803","2023-12-05 21:26:25.559"
"LENS","oktonystark","https://ik.imagekit.io/lens/media-snapshot/e328d2993b460cf75a74f765d354f9b5840cefe03633f1dc5078bef096b11dfe.jpg",72,NULL,294,"2023-11-17 20:24:47.187","2023-12-05 21:26:25.964"
"ENS","meemmo.eth","https://euc.li/meemmo.eth",18,NULL,301,"2023-11-17 21:10:54.257","2023-11-28 16:20:44.108"
"TALENT_PROTOCOL","meemmo","https://talentprotocol-mvp.s3.eu-west-2.amazonaws.com/ae8eb6d904e6b4afea4eecc214635f7e.png",18,NULL,302,"2023-11-17 21:10:54.646","2023-11-28 16:20:44.502"
"LENS","meemmo","https://statics-polygon-lens.s3.eu-west-1.amazonaws.com/profile/nft-0x400420095C6f26272B24b95E4bDD9d6BD51F4Ea9_polygon_0x41033160a2351358ddc1B97eDd0bc6f00CdEca92_51.png",18,NULL,303,"2023-11-17 21:10:55.049","2023-11-28 16:20:44.879"
"FARCASTER","meemmo","https://i.seadn.io/gcs/files/95479a6c2c42126dd5c3279a3adbbc95.png?w=500&auto=format",18,NULL,304,"2023-11-17 21:10:55.069","2023-11-28 16:20:44.924"
"ENS","robinlehmann.eth",NULL,55,NULL,312,"2023-11-18 03:33:00.841","2023-11-25 01:40:21.151"
"TALENT_PROTOCOL","robin","https://talentprotocol-mvp.s3.eu-west-2.amazonaws.com/6bb660c01fd6b2cef70397634023b1fb.jpeg",55,NULL,313,"2023-11-18 03:33:01.258","2023-11-25 01:40:22.609"
"LENS","robinlehmann","https://cloudflare-ipfs.com/ipfs/QmUCKY3omoUsSdPJpVUSRnStiEWw3gkcB2cCTD1KZs2P3Z",55,NULL,314,"2023-11-18 03:33:01.628","2023-11-25 01:40:22.992"
"ENS","ariiellus.eth","https://euc.li/ariiellus.eth",78,NULL,323,"2023-11-18 07:46:59.266","2023-11-18 07:56:57.243"
"TALENT_PROTOCOL","ariiellus","https://talentprotocol-mvp.s3.eu-west-2.amazonaws.com/898573d20cadc906bcb4c4c97d9799f7.jpg",78,NULL,324,"2023-11-18 07:46:59.63","2023-11-18 07:56:57.596"
"LENS","ariiellus","https://cloudflare-ipfs.com/ipfs/bafkreied5p5m7bmmwooscefmnfuyn4hu7c63agugn4bztlokxqm7ipyvte",78,NULL,325,"2023-11-18 07:47:00.016","2023-11-18 07:56:58.011"
"ENS","liorg.eth",NULL,50,NULL,335,"2023-11-18 10:16:42.316","2023-11-26 22:51:36.533"
"LENS","liorg","https://cloudflare-ipfs.com/ipfs/QmShzbqRsSY878VUjpyYnYg7i68s1K187f4FurgvEjSQSG",50,NULL,336,"2023-11-18 10:16:43.092","2023-11-26 22:51:37.789"
"FARCASTER","lior","https://i.imgur.com/lJgoSQq.jpg",50,NULL,337,"2023-11-18 10:16:43.119","2023-11-26 22:51:37.83"
"ENS","simonpuebla.eth",NULL,14,NULL,338,"2023-11-18 13:33:37.238","2023-11-29 18:10:39.407"
"TALENT_PROTOCOL","simonpuebla","https://talentprotocol-mvp.s3.eu-west-2.amazonaws.com/1474f1d2089cae3ce1c683b803103614.jpg",14,NULL,339,"2023-11-18 13:33:37.634","2023-11-29 18:10:39.8"
"LENS","simonpuebla","https://cloudflare-ipfs.com/ipfs/QmQBspZany3Te8x3qwPpjgZMdtLYZyGAbgf6ECUNvaeRmo",14,NULL,340,"2023-11-18 13:33:38.033","2023-11-29 18:10:40.21"
"FARCASTER","simo","https://i.seadn.io/gae/cngdtZl-YpGn8r5Y60IeYuexTyOvV0QoHS6ZSHVx5of9rUB7rfjPPVZPKHCMOr4RBOEPuLOQS8CLFhiYhf_36tkN8VPuiIGu-jUoLw?w=500&auto=format",14,NULL,341,"2023-11-18 13:33:38.065","2023-11-29 18:10:40.248"
"FARCASTER","juampi","https://i.imgur.com/cvgtxb9.jpg",9,NULL,353,"2023-11-18 13:37:54.997","2023-11-18 13:37:54.997"
"LENS","forkh","https://cloudflare-ipfs.com/ipfs/QmcQ4V4nnYxRwcgptYGgCxiytJmzHXfsEPAYanb3CFyyQS",10,NULL,359,"2023-11-18 14:11:44.304","2023-11-18 14:11:44.304"
"ENS","typeof.eth","https://ipfs.io/ipfs/bafybeigfqu2q643fynkqusyezggkpvq7euq7luoj6ggmzwy5fmwhr5udhu",83,NULL,360,"2023-11-18 15:07:47.944","2023-11-18 15:07:47.944"
"LENS","typeof","https://cloudflare-ipfs.com/ipfs/bafybeigunyu4jkfbw3vuldyv34aaautbbiuier3p7uncahkudzuca3rrua",83,NULL,361,"2023-11-18 15:07:48.709","2023-11-18 15:07:48.709"
"FARCASTER","typeof.eth","https://i.imgur.com/UPqF5Pv.png",83,NULL,362,"2023-11-18 15:07:48.73","2023-11-18 15:07:48.73"
"ENS","kithkui.eth",NULL,84,NULL,363,"2023-11-18 15:24:39.601","2023-11-23 15:25:05.362"
"FARCASTER","jpfraneto","https://i.imgur.com/iR11hE6.jpg",84,NULL,364,"2023-11-18 15:24:40.349","2023-11-23 15:25:06.837"
"ENS","savn.eth",NULL,85,NULL,365,"2023-11-18 15:40:50.792","2023-11-19 02:34:42.262"
"LENS","0xsavn","",85,NULL,366,"2023-11-18 15:40:51.542","2023-11-19 02:34:43.029"
"FARCASTER","savn","https://i.imgur.com/OXe8L7Z.jpg",85,NULL,367,"2023-11-18 15:40:51.566","2023-11-19 02:34:43.061"
"ENS","pumbi.eth",NULL,86,NULL,386,"2023-11-18 17:36:23.239","2023-11-19 03:25:00.983"
"TALENT_PROTOCOL","pumbi","https://talentprotocol-mvp.s3.eu-west-2.amazonaws.com/5e679daf90b831187ef5f142404ff848.png",86,NULL,387,"2023-11-18 17:36:23.634","2023-11-19 03:25:01.436"
"LENS","pumbi","https://nftstorage.link/ipfs/bafybeichjyv4rzsoctzba5cfewuyzqbmzinfsq7ucibvibbbhzcpdi6hxe",86,NULL,388,"2023-11-18 17:36:24.032","2023-11-19 03:25:01.8"
"FARCASTER","pumbi","https://i.imgur.com/q4WQcQs.jpg",86,NULL,389,"2023-11-18 17:36:24.074","2023-11-19 03:25:01.825"
"ENS","melin.eth",NULL,87,NULL,394,"2023-11-18 17:39:14.794","2023-12-02 20:11:31.851"
"TALENT_PROTOCOL","melineth","https://talentprotocol-mvp.s3.eu-west-2.amazonaws.com/474404fbbfd02ffca42d1ab2c50b84d8.png",87,NULL,395,"2023-11-18 17:39:15.163","2023-12-02 20:11:32.33"
"LENS","melin","https://cloudflare-ipfs.com/ipfs/bafkreihg5deuap5p42fhc7pjwqrlatpug4r7dwt5y5oucguuwwm7bvetfq",87,NULL,396,"2023-11-18 17:39:15.532","2023-12-02 20:11:32.709"
"LENS","syedshah","https://cloudflare-ipfs.com/ipfs/bafybeigwvcxhsdisa6vv3l42dajurtjyvy5iisok4jwl4axiwzwxfrbyrm",88,NULL,430,"2023-11-18 23:14:57.918","2023-11-18 23:14:57.918"
"FARCASTER","syed","https://i.imgur.com/miOebWM.gif",88,NULL,431,"2023-11-18 23:14:57.949","2023-11-18 23:14:57.949"
"FARCASTER","consthom","https://i.imgur.com/s7owxmp.jpg",89,NULL,439,"2023-11-19 07:08:11.587","2023-11-19 07:08:11.587"
"ENS","ctrlc.eth",NULL,95,NULL,446,"2023-11-19 11:48:20.607","2023-11-19 11:48:20.607"
"FARCASTER","jomessin","https://lh3.googleusercontent.com/ZsCN-JhNV16yzSYZX7jz_v7kfT85pKT-D7mvgc1KZnLCviPS7GRV9NrS6ezhaaumix2gVKgZ5p5Jkfi7Y3VVQ0sSoJzlztUDAy3hhw",95,NULL,447,"2023-11-19 11:48:21.322","2023-11-19 11:48:21.322"
"ENS","metaend.eth",NULL,99,NULL,451,"2023-11-19 14:50:51.759","2023-11-22 19:10:13.362"
"TALENT_PROTOCOL","christianhouy","https://talentprotocol-mvp.s3.eu-west-2.amazonaws.com/27d4274ea21748d0323dfa0f1f0d6681",99,NULL,452,"2023-11-19 14:50:52.153","2023-11-22 19:10:13.8"
"LENS","ngmisl","https://statics-polygon-lens.s3.eu-west-1.amazonaws.com/profile/nft-0xaC1C4Bed1c7C71Fd3aFDe11e2bd4F18D969C843d_polygon_0x9f1c7A9e5C65674cAD72Cf6C8cAa0FaA033BE2Bd_1.jpg",99,NULL,453,"2023-11-19 14:50:52.573","2023-11-22 19:10:14.231"
"FARCASTER","metaend.eth","https://i.seadn.io/s/raw/files/d964338c704fe7cd5918e934985254ec.png?w=500&auto=format",99,NULL,454,"2023-11-19 14:50:52.621","2023-11-22 19:10:14.265"
"ENS","esdotge.eth","https://ipfs.io/ipfs/bafybeiesmy64d3kmtmmru46v5it6wgd622qqqcxaf45ebk647sphtdcwau",98,NULL,461,"2023-11-19 16:00:33.168","2023-11-19 16:00:33.168"
"LENS","esdotge","https://statics-polygon-lens.s3.eu-west-1.amazonaws.com/profile/nft-0x3Cc1A943B27c2AF7c6dcF3Be0137f66c2f22E712_eth_0x5a0121A0A21232eC0D024dAb9017314509026480_623.gif",98,NULL,462,"2023-11-19 16:00:33.915","2023-11-19 16:00:33.915"
"FARCASTER","esdotge.eth","https://i.imgur.com/hlCOsOl.jpg",98,NULL,463,"2023-11-19 16:00:33.941","2023-11-19 16:00:33.941"
"ENS","m.jesse.xyz","https://s.gravatar.com/avatar/905fd6810cd184a461697d811a319272.jpg",101,NULL,471,"2023-11-19 19:50:41.982","2023-11-19 19:50:41.982"
"FARCASTER","jessepollak.eth","https://i.seadn.io/gae/GFkg_668tE-YxTKPt_XcZdL_xKMQ2CitZKR2L7dJoLoMXH4hUFXHv3Tzes-2hZWiyTEACe6AvutNqBpNbN_WS3b25g?w=500&auto=format",101,NULL,472,"2023-11-19 19:50:42.744","2023-11-19 19:50:42.744"
"ENS","jacquelinej.eth",NULL,96,NULL,473,"2023-11-19 19:57:19.014","2023-11-19 19:57:19.014"
"TALENT_PROTOCOL","jacqueline","https://talentprotocol-mvp.s3.eu-west-2.amazonaws.com/d29aa1224f212cc1659abe9572bbb337.png",96,NULL,474,"2023-11-19 19:57:19.405","2023-11-19 19:57:19.405"
"LENS","0xsilkroad","https://cloudflare-ipfs.com/ipfs/QmTjYHB1Kqb4G7oqhQnyarxw7FPpsRSAZoYhW9y6tzBQ42",81,NULL,482,"2023-11-20 13:51:38.075","2023-11-30 15:27:19.647"
"ENS","0xsilkroad.eth",NULL,81,NULL,484,"2023-11-20 13:55:40.052","2023-11-30 15:27:18.177"
"LENS","alense","https://statics-polygon-lens.s3.eu-west-1.amazonaws.com/profile/nft-0x83F9821EF8F66708108Df75e8adFdfFe8427C3A8_polygon_0x160519aAE337f89034316450C7504097B091b51B_1.jpg",106,NULL,496,"2023-11-20 16:14:44.539","2023-11-29 14:53:19.035"
"ENS","shoni.eth","https://ipfs.io/ipfs/QmQt2i9DU35qeWFBV321itQ716jMkZAVxS633fLTne5ojH",111,NULL,498,"2023-11-21 01:19:50.368","2023-11-21 01:19:50.368"
"LENS","alexpaden","",111,NULL,499,"2023-11-21 01:19:51.104","2023-11-21 01:19:51.104"
"FARCASTER","shoni.eth","https://i.imgur.com/Nl7pPxf.jpg",111,NULL,500,"2023-11-21 01:19:51.137","2023-11-21 01:19:51.137"
"ENS","timelessgabby.eth",NULL,112,NULL,501,"2023-11-21 05:35:48.551","2023-11-21 05:35:48.551"
"LENS","papito","https://cloudflare-ipfs.com/ipfs/bafybeib6cqujhjuecxtaj3e2jkcdig6zqlebowzvexbz2xk3wapaqlhv2i",112,NULL,502,"2023-11-21 05:35:49.304","2023-11-21 05:35:49.304"
"FARCASTER","papi","https://i.imgur.com/Y1zKyjo.jpg",112,NULL,503,"2023-11-21 05:35:49.341","2023-11-21 05:35:49.341"
"LENS","kesh5210","https://cloudflare-ipfs.com/ipfs/bafkreie6gqngoqiwmp3mhctngsnwkfg66lix6wpgqbm5ysexel5mi7fhb4",118,NULL,504,"2023-11-21 11:42:33.884","2023-11-21 11:42:33.884"
"FARCASTER","kesh5210.eth","https://i.imgur.com/47EHVP4.jpg",118,NULL,505,"2023-11-21 11:42:33.921","2023-11-21 11:42:33.921"
"TALENT_PROTOCOL","dj",NULL,122,NULL,506,"2023-11-21 12:59:59.776","2023-11-21 13:05:45.247"
"ENS","zerowallet.eth",NULL,129,NULL,511,"2023-11-21 14:23:36.013","2023-11-27 21:02:40.157"
"ENS","surpassinggoogle.eth",NULL,135,NULL,516,"2023-11-21 15:43:35.54","2023-11-21 15:45:20.708"
"TALENT_PROTOCOL","surpassinggoogle","https://talentprotocol-mvp.s3.eu-west-2.amazonaws.com/ddc32c7bafc9176a609e5e70929dc55a.png",135,NULL,517,"2023-11-21 15:43:35.942","2023-11-21 15:45:21.114"
"LENS","surpassinggoogle","https://cloudflare-ipfs.com/ipfs/QmejUpyuzVXC53vEUK3P7NBVyKfy8H3fCFPDfQgD9XYHoi",135,NULL,518,"2023-11-21 15:43:36.347","2023-11-21 15:45:21.555"
"TALENT_PROTOCOL","gabicarrillofer",NULL,116,NULL,519,"2023-11-21 15:44:03.784","2023-11-25 23:31:31.438"
"TALENT_PROTOCOL","therealtocha","https://talentprotocol-mvp.s3.eu-west-2.amazonaws.com/b74105b7518e28f97e0c8643532e0b0a.jpg",134,NULL,526,"2023-11-21 16:22:04.527","2023-11-21 16:23:50.187"
"ENS","0xulas.eth","https://ipfs.io/ipfs/QmeQnXokSfq3poLRZYFevcVnyneKGieL7STAeGoSX6cZJp/212.png",143,NULL,532,"2023-11-21 22:21:23.731","2023-11-21 22:23:47.248"
"TALENT_PROTOCOL","0xulas","https://talentprotocol-mvp.s3.eu-west-2.amazonaws.com/80e3401ac65d356f9a3babbc897b6308.png",143,NULL,533,"2023-11-21 22:21:24.113","2023-11-21 22:23:47.601"
"LENS","0xulas","https://lens.infura-ipfs.io/ipfs/QmXqQ7UBqK2qZ5VyikDLxCW3TZTgARRPLimJCTEeCZDqiC",143,NULL,534,"2023-11-21 22:21:24.488","2023-11-21 22:23:47.988"
"FARCASTER","0xulas.eth","https://i.seadn.io/gae/9_1nUF_3SApKjd0GRfkOS-5P4gUCaUMNu7LwZPQEHW0MaSU-shkHDSBbDCYp0mlIoHunWW03Q-zbaTLdYaUvWeFer0fi-STZQL_KJaY?w=500&auto=format",143,NULL,535,"2023-11-21 22:21:24.523","2023-11-21 22:23:48.028"
"ENS","pe4en.eth","https://ipfs.io/ipfs/bafybeihze5d5btvnmzzxrhvkmt3pagfethguy7ocu7f4jwnvxcl7222mnu",146,NULL,540,"2023-11-22 08:59:11.288","2023-11-22 08:59:58.777"
"TALENT_PROTOCOL","pe4en","https://talentprotocol-mvp.s3.eu-west-2.amazonaws.com/61e710edb05a2d9c1a11892062cb3bdd.png",146,NULL,541,"2023-11-22 08:59:11.708","2023-11-22 08:59:59.15"
"LENS","pe4en","https://cloudflare-ipfs.com/ipfs/bafkreiccoovwqhytlnldy3ytep5mhwtvuulryceljz4uivnr2xflr6e4im",146,NULL,542,"2023-11-22 08:59:12.101","2023-11-22 08:59:59.532"
"FARCASTER","pe","https://i.imgur.com/ez16aBQ.jpg",146,NULL,543,"2023-11-22 08:59:12.138","2023-11-22 08:59:59.556"
"ENS","hustleeli.eth",NULL,148,NULL,548,"2023-11-22 10:44:18.725","2023-11-22 10:44:57.12"
"TALENT_PROTOCOL","hustleelio","https://talentprotocol-mvp.s3.eu-west-2.amazonaws.com/d05a48a49f389a6a72511c7237f49c76.png",148,NULL,549,"2023-11-22 10:44:19.136","2023-11-22 10:44:57.524"
"LENS","hustleeli","https://cloudflare-ipfs.com/ipfs/Qmbv7KKG28x323MxgHNd2wxhfbZj2prm7G5Bp3Zu52gYLi",148,NULL,550,"2023-11-22 10:44:19.511","2023-11-22 10:44:57.922"
"FARCASTER","lopeselio","https://i.imgur.com/KRhgaZT.jpg",148,NULL,551,"2023-11-22 10:44:19.543","2023-11-22 10:44:57.961"
"TALENT_PROTOCOL","ibg","https://talentprotocol-mvp.s3.eu-west-2.amazonaws.com/972773714b9199d2d89b74b91ad9ebf7.png",34,NULL,580,"2023-11-22 14:25:59.796","2023-11-22 14:27:24.587"
"ENS","albiverse.eth","https://euc.li/albiverse.eth",151,NULL,584,"2023-11-22 16:54:41.966","2023-11-22 16:54:41.966"
"FARCASTER","albiverse","https://i.imgur.com/wM5NTdb.jpg",151,NULL,585,"2023-11-22 16:54:42.77","2023-11-22 16:54:42.77"
"LENS","darph","https://cloudflare-ipfs.com/ipfs/bafkreibjbrjn2in7skixr62hiiadistmzgrfg73aq3yngs3aimskq2wsqm",16,NULL,590,"2023-11-22 18:09:11.243","2023-11-22 18:09:11.243"
"ENS","crazyneighbor.eth","https://euc.li/crazyneighbor.eth",156,NULL,604,"2023-11-23 05:57:15.494","2023-11-29 17:45:00.795"
"TALENT_PROTOCOL","osavelyev","https://talentprotocol-mvp.s3.eu-west-2.amazonaws.com/28687330d98a26c21f1a2cf135f2f04a.jpg",156,NULL,605,"2023-11-23 05:57:15.9","2023-11-29 17:45:02.174"
"ENS","0xsander.eth",NULL,132,NULL,610,"2023-11-23 12:18:24.504","2023-11-27 11:15:23.19"
"LENS","0xsander","https://cloudflare-ipfs.com/ipfs/bafybeibcoghwpbwrfo2qmavh2h6xzghbtsxzn33egxorfl5enlpllyyf4q",132,NULL,611,"2023-11-23 12:18:25.236","2023-11-27 11:15:23.938"
"FARCASTER","42","https://i.seadn.io/gae/2CSnSBCrvEPl9hjoNJ3_Df5oggSNbBcmt3UWV2fNrGBVHfdxuzC6VHlGuCDty93fkTS6ZTwa-C2M84zIR3Y_gCOlRiLC6m24CCHoTQ?w=500&auto=format",132,NULL,612,"2023-11-23 12:18:25.279","2023-11-27 11:15:23.966"
"ENS","brightfutureguy.eth","https://ipfs.io/ipfs/bafybeifzii66oojh7df23qugpyek4lav3poyaterbnhmrxxohvrd5e6v5q/punk19192.png",160,NULL,618,"2023-11-23 13:47:23.012","2023-11-23 13:47:23.012"
"LENS","0xbfg","https://cloudflare-ipfs.com/ipfs/QmbReGjGd5t9Trku2mZAV8FC6eqXpqGv96BN9MQNo2Dhiv",160,NULL,619,"2023-11-23 13:47:23.739","2023-11-23 13:47:23.739"
"FARCASTER","bfg","https://i.imgur.com/p8EqaSm.jpg",160,NULL,620,"2023-11-23 13:47:23.779","2023-11-23 13:47:23.779"
"ENS","dhadrien.sismo.eth",NULL,161,NULL,621,"2023-11-23 14:08:05.116","2023-11-23 14:14:52.625"
"LENS","dhadrien","https://cloudflare-ipfs.com/ipfs/bafkreictkejmrehkksp6jdghiqussiwf2qlsalhzi2mei2ijnwwki4ymfa",161,NULL,622,"2023-11-23 14:08:05.831","2023-11-23 14:14:53.322"
"FARCASTER","dhadrien.eth","https://i.seadn.io/gae/xvgru4Kdc6cDiHTTl1fKb4wnBrovrln2sDTDN2ODWQ6V3MLUrLzGa1en91J65kiob90nQ68zq2lILY93hcq9OoZu1Z9LSin7RDnoMFM?w=500&auto=format",161,NULL,623,"2023-11-23 14:08:05.868","2023-11-23 14:14:53.358"
"TALENT_PROTOCOL","danicuki","https://talentprotocol-mvp.s3.eu-west-2.amazonaws.com/1bd7837f4ffd3d2ebcd1ec7b3627b94a.jpg",39,NULL,645,"2023-11-23 19:40:08.611","2023-11-28 10:05:52.587"
"TALENT_PROTOCOL","joaomoreira","https://talentprotocol-mvp.s3.eu-west-2.amazonaws.com/41ceb0caa4dfa449fe3cdefe836fa693",60,NULL,654,"2023-11-24 10:34:36.029","2023-11-24 10:35:12.977"
"ENS","vadim.eth","https://ipfs.io/ipfs/bafybeigf2mvy6nngbulkw3ht36hgowr6aaeapddkjc73phmfc2eghxpvhy",163,NULL,659,"2023-11-24 15:06:55.858","2023-11-26 14:10:47.378"
"LENS","vadim","https://cloudflare-ipfs.com/ipfs/bafkreighvnthygwkeyaxndfzj7udrh7mgi5ossr7q45irf2vof4dcb456e",163,NULL,660,"2023-11-24 15:06:56.587","2023-11-26 14:10:48.13"
"ENS","ryanholloway.eth","https://euc.li/ryanholloway.eth",164,NULL,661,"2023-11-24 19:45:52.504","2023-11-24 19:48:11.171"
"LENS","ryanholloway","https://cloudflare-ipfs.com/ipfs/bafybeiewhpxewhqhaefwh2vfsaulsluhw7qxv4ezfvzc4zks7ebbnj7d5m",164,NULL,662,"2023-11-24 19:45:53.255","2023-11-24 19:48:11.952"
"FARCASTER","raho","https://i.imgur.com/vLcQ9nP.jpg",164,NULL,663,"2023-11-24 19:45:53.278","2023-11-24 19:48:11.986"
"ENS","0xsilas.eth",NULL,165,NULL,669,"2023-11-25 00:27:54.934","2023-11-25 00:27:54.934"
"LENS","0xsilas","https://cloudflare-ipfs.com/ipfs/Qmdz8FPDBg71U15gJ8kPCQyzB4k3dJsT7ctyRUxgux3fV5",165,NULL,670,"2023-11-25 00:27:55.64","2023-11-25 00:27:55.64"
"ENS","thatalexpalmer.eth","https://arweave.net/wbSWMrz3NpmNysSKYDY9nwOgUVNy4PJ9zNvMh-AgAyY",168,NULL,680,"2023-11-25 08:48:56.368","2023-12-01 12:52:26.087"
"LENS","thatalexpalmer","https://cloudflare-ipfs.com/ipfs/bafybeihwkrpaq5nr6ag374fjku56pwzn5eqhrbwwj772hznalrcl34qigi",168,NULL,681,"2023-11-25 08:48:59.001","2023-12-01 12:52:26.553"
"FARCASTER","thatalexpalmer.eth","https://i.seadn.io/gcs/files/368ad79a53ff4d046a28e18939dddc18.jpg?w=500&auto=format",168,NULL,682,"2023-11-25 08:48:59.038","2023-12-01 12:52:26.58"
"FARCASTER","soda","https://i.imgur.com/OSrZjBp.jpg",169,NULL,686,"2023-11-25 09:01:44.321","2023-11-25 09:10:24.013"
"ENS","bun.dotbase.eth",NULL,171,NULL,689,"2023-11-25 09:20:31.789","2023-12-02 11:37:13.278"
"TALENT_PROTOCOL","ivc","https://talentprotocol-mvp.s3.eu-west-2.amazonaws.com/28686eca8ad3c8fcf778a668499ae8a5.jpg",171,NULL,690,"2023-11-25 09:20:32.146","2023-12-02 11:37:13.811"
"FARCASTER","ivc","https://i.seadn.io/s/raw/files/ef2199a43743b8359e2790a7f68bb699.gif?w=500&auto=format",171,NULL,691,"2023-11-25 09:20:32.526","2023-11-25 09:20:44.056"
"ENS","cypherpunk21.eth","https://ipfs.io/ipfs/bafkreiadhgq7byqyp5ps5unyenkdwb7qnkoent6y3rbfazoizxtqzaoply",172,NULL,695,"2023-11-25 10:14:09.778","2023-11-27 23:47:49.746"
"FARCASTER","cypherpunk21.eth","https://i.seadn.io/gae/WkUJSpkZS2ZxtDdPDI8SSB6k_8Y9iCyE4kCziBvlQ5k_HWXPfi1yTT-8HnvLxyTxMpBxlzy1VNsFjVIJQMKNB3u7qw31n6AO64Lv0A?w=500&auto=format",172,NULL,696,"2023-11-25 10:14:10.537","2023-11-27 23:47:50.453"
"FARCASTER","johnbayode","https://i.seadn.io/gcs/files/bda2ceb60a0735b953a40f281f8d3139.png?w=500&auto=format",167,NULL,702,"2023-11-25 14:39:08.676","2023-11-25 14:39:17.424"
"ENS","courinha.eth",NULL,178,NULL,707,"2023-11-25 19:04:37.719","2023-11-25 19:10:53.9"
"TALENT_PROTOCOL","courinha","https://talentprotocol-mvp.s3.eu-west-2.amazonaws.com/06b9fbeee81fe0c3a5eeaf6c74a16e7f.jpg",178,NULL,708,"2023-11-25 19:04:38.118","2023-11-25 19:10:54.32"
"LENS","gabicarrillofer","https://cloudflare-ipfs.com/ipfs/bafkreigq6trbdd2y363gtuitc5cyfzjuexyhbo7jhd2ynncfaakpewsbiq",116,NULL,730,"2023-11-25 23:25:30.179","2023-11-25 23:31:31.815"
"ENS","chivnt.eth",NULL,170,NULL,735,"2023-11-26 01:13:34.679","2023-11-26 01:13:34.679"
"LENS","chivnt","https://cloudflare-ipfs.com/ipfs/bafybeibtg4oiybtkt5yrsm7dmtcyzvgrbb453uk7igablqnl2kqltf4f5q",170,NULL,736,"2023-11-26 01:13:36.459","2023-11-26 01:13:36.459"
"FARCASTER","chivnt","https://i.imgur.com/iJvMhCt.jpg",170,NULL,737,"2023-11-26 01:13:36.487","2023-11-26 01:13:36.487"
"ENS","calman.eth","https://ipfs.io/ipfs/QmWat2Ltt7KxxJdvoB2uFc3PNdCwmhMAFdXGysg3AjJgpX/image.png",184,NULL,738,"2023-11-26 03:24:51.871","2023-11-26 03:27:15.209"
"TALENT_PROTOCOL","calman","https://talentprotocol-mvp.s3.eu-west-2.amazonaws.com/d1695415a5925f82287173b81336909e.png",184,NULL,739,"2023-11-26 03:24:53.253","2023-11-26 03:27:15.6"
"LENS","calman","https://cloudflare-ipfs.com/ipfs/bafybeihrhdyyb3lpfo3vymbjc4qfecdvzkubtzsirbzvyamkbpjzz2uljy",184,NULL,740,"2023-11-26 03:24:53.644","2023-11-26 03:27:15.952"
"ENS","alaingode.eth",NULL,185,NULL,747,"2023-11-26 08:23:48.626","2023-11-26 08:26:12.193"
"TALENT_PROTOCOL","alaingodefroy","https://talentprotocol-mvp.s3.eu-west-2.amazonaws.com/15ec732d08a2d474ce33ef028bff22e5",185,NULL,748,"2023-11-26 08:23:49.141","2023-11-26 08:26:12.563"
"LENS","alaingode","https://cloudflare-ipfs.com/ipfs/QmXhyzStZgBa4hdXYvpnWzDizV7k83DaE5W88E1A2CHwht",185,NULL,751,"2023-11-26 08:26:12.958","2023-11-26 08:26:12.958"
"ENS","timdaub.eth","https://euc.li/timdaub.eth",174,NULL,752,"2023-11-26 10:20:25.12","2023-11-26 10:20:25.12"
"FARCASTER","timdaub.eth","https://openseauserdata.com/files/78d14379f8a84f6dddb48b58c8809849.svg",174,NULL,753,"2023-11-26 10:20:25.884","2023-11-26 10:20:25.884"
"ENS","tomflemming.eth","https://euc.li/tomflemming.eth",187,NULL,761,"2023-11-26 15:59:30.116","2023-12-01 09:55:53.07"
"FARCASTER","tf","https://i.seadn.io/gcs/files/25ed9136095c2ae9b7279f1e2c2b684e.jpg?w=500&auto=format",187,NULL,762,"2023-11-26 15:59:30.813","2023-12-01 09:55:53.829"
"ENS","danisnearby.eth","https://service.cryptotrunks.co/image.png?token=604396610933",190,NULL,765,"2023-11-26 16:37:20.544","2023-11-26 21:22:39.395"
"TALENT_PROTOCOL","danisnearby","https://talentprotocol-mvp.s3.eu-west-2.amazonaws.com/721337ccfc4910cbf1831c2126d3fd0c.png",190,NULL,766,"2023-11-26 16:37:20.96","2023-11-26 21:22:40.888"
"LENS","danisnearby","https://statics-polygon-lens.s3.eu-west-1.amazonaws.com/profile/nft-0xCfedD5b3aae8a2C0eB6cD94d547d971092C95029_eth_0x375ea781c49EaFEdDE07AFe6196f885761f166Ae_8259.png",190,NULL,767,"2023-11-26 16:37:21.382","2023-11-26 21:22:41.252"
"FARCASTER","","",190,NULL,768,"2023-11-26 16:37:21.435","2023-11-26 21:22:41.282"
"TALENT_PROTOCOL","tf","https://talentprotocol-mvp.s3.eu-west-2.amazonaws.com/e6358a53f7878b08be0b3b64eabdbdc4.jpg",187,NULL,770,"2023-11-26 16:56:54.481","2023-12-01 09:55:53.444"
"ENS","scriptmoney.eth","https://arweave.net/ggsVKCm8_vm2CfgeT1dyCejrDGIgu9pKoTCfi26mok4",191,NULL,775,"2023-11-26 17:07:40.775","2023-11-26 17:07:40.775"
"LENS","scriptmoney","https://cloudflare-ipfs.com/ipfs/QmUez7X6k2mcXaDzDAyNFR8ezZTUGDCbiazZUnF3BrPnwY",191,NULL,776,"2023-11-26 17:07:41.538","2023-11-26 17:07:41.538"
"ENS","nicnode.eth","https://ipfs.io/ipfs/Qmd7nopTJZcVywPWRtpNe761z7QvVK7pAbuEjd12jHHzYa/2230.png",192,NULL,783,"2023-11-26 20:18:54.033","2023-11-26 20:19:10.323"
"TALENT_PROTOCOL","nicnode","https://talentprotocol-mvp.s3.eu-west-2.amazonaws.com/81a6e8a61a10607d75bfea6f70f2fb0a.png",192,NULL,784,"2023-11-26 20:18:54.431","2023-11-26 20:19:10.691"
"LENS","nicnode","https://statics-polygon-lens.s3.eu-west-1.amazonaws.com/profile/nft-0x84e1056eD1B76fB03b43e924EF98833dBA394b2B_eth_0x27cC171B16FdD2224E1f93eD7DccFcc6790cA4BF_2230.png",192,NULL,785,"2023-11-26 20:18:54.84","2023-11-26 20:19:11.075"
"FARCASTER","nicnode","https://i.seadn.io/gae/0wsq2ClEL2_1OrkuE3p9-9TsSQM-jvFN4PapZ5nv8ekwyrvuE505uGXWwVx3TyY4wDVLL_x47csKeg_ccDAOOsvnXu65Cv1hx3Wl?w=500&auto=format",192,NULL,786,"2023-11-26 20:18:54.865","2023-11-26 20:19:11.109"
"ENS","timkot.eth","https://ipfs.io/ipfs/QmNwU3geSzTLSWHLrEydb8M8WZSYA5E4ikMkk6zUzBunuq",200,NULL,824,"2023-11-27 19:43:52.513","2023-11-27 19:43:52.513"
"TALENT_PROTOCOL","timkot","https://talentprotocol-mvp.s3.eu-west-2.amazonaws.com/9875c6858d0a5abb73ec63311a79392b.jpeg",200,NULL,825,"2023-11-27 19:43:52.917","2023-11-27 19:43:52.917"
"LENS","timkot","https://cloudflare-ipfs.com/ipfs/QmNwU3geSzTLSWHLrEydb8M8WZSYA5E4ikMkk6zUzBunuq",200,NULL,826,"2023-11-27 19:43:53.34","2023-11-27 19:43:53.34"
"LENS","orbulo","",31,NULL,828,"2023-11-27 19:53:52.825","2023-11-27 19:53:52.825"
"ENS","mustafin.eth",NULL,120,NULL,840,"2023-11-28 10:37:22.631","2023-12-02 09:58:49.231"
"TALENT_PROTOCOL","mustafin",NULL,120,NULL,841,"2023-11-28 10:37:23.053","2023-12-02 09:58:49.617"
"FARCASTER","mustafin","https://i.imgur.com/146jhY1.jpg",120,NULL,842,"2023-11-28 10:37:23.442","2023-12-02 09:58:50.028"
"ENS","hellokp.eth",NULL,210,NULL,846,"2023-11-28 11:33:07.518","2023-11-28 11:33:46.319"
"LENS","hellokpl","https://cloudflare-ipfs.com/ipfs/QmRLQVhFRy9sacdKdSrWrTGGDRZdG48jnv8sZVn6rZVe2K",210,NULL,847,"2023-11-28 11:33:08.355","2023-11-28 11:33:47.151"
"ENS","aaronjmars.eth","https://ens.xyz/aaronjmars.eth",214,NULL,869,"2023-11-28 17:07:17.609","2023-11-28 17:07:17.609"
"LENS","0000ce0","https://cloudflare-ipfs.com/ipfs/bafybeiaosnttuwtnxguxp5wey7azplub25o2lwlilpwyzzasox75odxhpu",214,NULL,870,"2023-11-28 17:07:18.373","2023-11-28 17:07:18.373"
"ENS","annoushka.eth","https://euc.li/annoushka.eth",217,NULL,871,"2023-11-28 17:41:40.521","2023-11-29 15:15:00.847"
"LENS","potatato","https://cloudflare-ipfs.com/ipfs/QmeHPJAWUs8uMmBg8TN3wq7GBGmFGn764Ktfa96d2bt1aG",217,NULL,872,"2023-11-28 17:41:41.256","2023-11-29 15:15:01.61"
"FARCASTER","annoushka.eth","https://i.imgur.com/BkV3LHY.jpg",217,NULL,873,"2023-11-28 17:41:41.292","2023-11-29 15:15:01.63"
"TALENT_PROTOCOL","dayitvagoel","https://talentprotocol-mvp.s3.eu-west-2.amazonaws.com/bf830218f2da26f15e8ac00dc5bd9fdf",211,NULL,879,"2023-11-29 05:01:59.381","2023-11-29 05:06:56.939"
"LENS","dayitva_goel","https://statics-polygon-lens.s3.eu-west-1.amazonaws.com/profile/nft-0x631088Af5A770Bee50FFA7dd5DC18994616DC1fF_polygon_0x6e8A9Cb6B1E73e9fCe3FD3c68b5af9728F708eB7_786.jpg",211,NULL,880,"2023-11-29 05:01:59.772","2023-11-29 05:06:57.764"
"FARCASTER","dayitvagoel","https://i.imgur.com/RpvN4OK.jpg",211,NULL,881,"2023-11-29 05:01:59.791","2023-11-29 05:06:57.787"
"ENS","kittens.eth","https://ipfs.io/ipfs/bafkreigoplzb32ghltpnqw7fs2snxqyxqm4c45v5neey427xox3ayatgvi",206,NULL,888,"2023-11-29 06:47:48.113","2023-11-29 06:48:11.484"
"TALENT_PROTOCOL","unicorn","https://talentprotocol-mvp.s3.eu-west-2.amazonaws.com/a1554f77c5b43e11397d0810dc44d70a.png",206,NULL,889,"2023-11-29 06:47:49.519","2023-11-29 06:48:11.847"
"LENS","kittens","",206,NULL,890,"2023-11-29 06:47:49.893","2023-11-29 06:48:12.237"
"ENS","foxgrape.eth",NULL,226,NULL,907,"2023-11-29 12:49:12.978","2023-11-29 12:50:27.633"
"TALENT_PROTOCOL","isabella","https://talentprotocol-mvp.s3.eu-west-2.amazonaws.com/f928bd7b966ec6488e283249ef63c6a0.jpeg",226,NULL,908,"2023-11-29 12:49:14.073","2023-11-29 12:50:28.057"
"LENS","foxgrape","https://cloudflare-ipfs.com/ipfs/bafybeihntfzehtxpxrsxtmsvpnwdzrraz267w7cjb6z52gtv4vd7qqbn2q",226,NULL,909,"2023-11-29 12:49:14.422","2023-11-29 12:50:28.502"
"ENS","artful.eth",NULL,223,NULL,913,"2023-11-29 12:51:19.32","2023-11-29 12:52:27.15"
"LENS","chingularity","https://cloudflare-ipfs.com/ipfs/bafybeiabnfwni7fvic74whuplodgaadz5u2n7vwjdjj2ytirtb7euvqgmm",223,NULL,914,"2023-11-29 12:51:20.026","2023-11-29 12:52:27.85"
"FARCASTER","artful.eth","https://lh3.googleusercontent.com/kJnFW3EvgEU4xro_FWYiKYUlbgpwuc-BH0iqeBtP2V7pEcqWNy9B5ykeG0Z0OQSN4q4WD9tLba1u7U583TlSeSFTQupRwvvtsq3b",223,NULL,915,"2023-11-29 12:51:20.071","2023-11-29 12:52:27.905"
"ENS","jeanayala.eth","https://ipfs.io/ipfs/QmakRXmVMQtszYTq4FpY8xKiGVAigXXBWbeTd8KxFcnmoi/14999.png",228,NULL,929,"2023-11-29 18:29:17.255","2023-11-29 20:05:09.769"
"LENS","jeanayala","https://ik.imagekit.io/lens/media-snapshot/1fc7df7541e979a0488754357def61708e8da7433cfa609e62f9710ac6db4573.jpg",228,NULL,930,"2023-11-29 18:29:18.753","2023-11-29 20:05:11.322"
"FARCASTER","jeanayala","https://i.imgur.com/AlqpPkC.jpg",228,NULL,931,"2023-11-29 18:29:18.798","2023-11-29 20:05:11.35"
"ENS","gorod.nsksity.eth",NULL,235,NULL,941,"2023-11-30 08:04:18.262","2023-11-30 08:04:57.739"
"LENS","avseenko_life","https://cloudflare-ipfs.com/ipfs/bafybeigccm6fjkkngaqwjxuivqmjovvqdqinqpw55l6fph6fj3tgusaakq",235,NULL,942,"2023-11-30 08:04:19.353","2023-11-30 08:04:58.458"
"ENS","alexyao.eth","https://ipfs.io/ipfs/QmP5yW49B7hPRCkLjMnTZJhhSgzSBQVA9xE72hsjat8m6r/0.5.1_1.2.1_2.2.1_3.3.2.3_4.7.1_5.5.5_6.1.1.jpg",237,NULL,953,"2023-11-30 19:30:28.363","2023-12-01 18:55:12.914"
"LENS","alexyao","",237,NULL,954,"2023-11-30 19:30:29.12","2023-12-01 18:55:13.741"
"FARCASTER","alexyao","https://lh3.googleusercontent.com/q42v_OII2FJUSp0qNab-jyiQ6fnN6oT5UZ4jNH55hNN4IifDkLyH1RrCH-BGLo3ArpRYBeik89vx2HbAl2COJm-CUwZuVYINKYDMIg",237,NULL,955,"2023-11-30 19:30:29.16","2023-12-01 18:55:13.778"
"ENS","zelda0x.eth","https://ens.xyz/zelda0x.eth",240,NULL,959,"2023-11-30 21:42:23.511","2023-11-30 21:42:39.819"
"TALENT_PROTOCOL","zelda","https://talentprotocol-mvp.s3.eu-west-2.amazonaws.com/f998eec0f41d824c8d08ed1807d22e7f.jpg",240,NULL,960,"2023-11-30 21:42:23.915","2023-11-30 21:42:40.188"
"LENS","0xzelda","https://cloudflare-ipfs.com/ipfs/QmRi84aw1FzuzTiTXsRgmwM6CRDX8yvYMFppeXhH5LtAxz",240,NULL,961,"2023-11-30 21:42:24.293","2023-11-30 21:42:40.56"
"FARCASTER","zelda","https://i.imgur.com/D90Doa5.jpg",240,NULL,962,"2023-11-30 21:42:24.334","2023-11-30 21:42:40.607"
"ENS","kairon.eth","https://45qv32hkdpikmjdnkhmiduvesdmubsx4whcqz74vgahv6tdiqz5q.arweave.net/52Fd6Oob0KYkbVHYgdKkkNlAyvyxxQz_lTAPX0xohns",242,NULL,967,"2023-11-30 23:27:58.622","2023-11-30 23:32:39.424"
"LENS","k41r0n","https://cloudflare-ipfs.com/ipfs/QmPFsDcg9V18ctfWmrGwjwJQQvEDDrqbqRdM4vAy2wqAdw",242,NULL,968,"2023-11-30 23:28:00.442","2023-11-30 23:32:40.077"
"FARCASTER","k41r0n","https://i.imgur.com/mljBglp.jpg",242,NULL,969,"2023-11-30 23:28:00.465","2023-11-30 23:32:40.103"
"LENS","apetrikeev","https://statics-polygon-lens.s3.eu-west-1.amazonaws.com/profile/nft-0x6e31344032AcEFd3f2fb00822a1a51cD7d1a86B3_eth_0x932261f9Fc8DA46C4a22e31B45c4De60623848bF_9169.png",246,NULL,994,"2023-12-01 14:16:15.327","2023-12-01 14:17:41.103"
"LENS","0xalaa","https://statics-polygon-lens.s3.eu-west-1.amazonaws.com/profile/nft-0x8d907BA7Bcaa58817EaDD09E9B1D2dD308533024_eth_0x6c30e971c30e904bD994124e5427505be77DAe4c_299.png",248,NULL,996,"2023-12-01 14:59:10.946","2023-12-01 14:59:10.946"
"ENS","tomu.eth","https://euc.li/tomu.eth",245,NULL,1001,"2023-12-01 17:04:52.308","2023-12-01 17:15:32.828"
"LENS","david_tomu","https://cloudflare-ipfs.com/ipfs/bafkreifoiozr5dmhxf3h7txtp6kv4f3ltaulqdz6yhpzuv3zzzbpze7kxa",245,NULL,1002,"2023-12-01 17:04:53.001","2023-12-01 17:15:33.617"
"FARCASTER","tomu.eth","https://openseauserdata.com/files/9643724455bc5c454c44cffe46e3efd2.svg",245,NULL,1003,"2023-12-01 17:04:53.031","2023-12-01 17:15:33.649"
"LENS","alxfal","https://cloudflare-ipfs.com/ipfs/bafybeibdw66gzmwe5vrrzo5wmm26e3pxtcev7v2bwvimi266kpbdvnpmla",253,NULL,1010,"2023-12-01 20:44:58.231","2023-12-01 20:48:32.291"
"ENS","shmoji.eth",NULL,189,NULL,1012,"2023-12-02 00:05:16.263","2023-12-02 00:05:16.263"
"ENS","tokenstaker.eth",NULL,258,NULL,1023,"2023-12-02 10:18:59.055","2023-12-02 10:20:28.359"
"LENS","sarvesh","https://cloudflare-ipfs.com/ipfs/bafybeihzotnbclzzm2j6oc6werb2l3oq3clceazjlzeypyztzywiliv5yy",258,NULL,1024,"2023-12-02 10:18:59.786","2023-12-02 10:20:29.067"
"FARCASTER","sarvesh","https://i.imgur.com/Y1au7ZB.jpg",258,NULL,1025,"2023-12-02 10:18:59.818","2023-12-02 10:20:29.102"
"TALENT_PROTOCOL","criptomommy","https://talentprotocol-mvp.s3.eu-west-2.amazonaws.com/a2875a405eb2a27c835bb12bcd3597f5.png",260,NULL,1031,"2023-12-02 15:27:32.102","2023-12-02 15:29:01.73"
"ENS","shugo.eth","https://monks.prometheans.xyz/monks/DDAjomBY3XjGsU.png",176,NULL,1033,"2023-12-02 17:56:08.29","2023-12-02 17:56:08.29"
"LENS","shugo","https://cloudflare-ipfs.com/ipfs/bafkreibok4gun5qvkbtqofgto7msqd7y3bxi2f42nwa4ambvhcnwpiuxya",176,NULL,1034,"2023-12-02 17:56:09.04","2023-12-02 17:56:09.04"
"FARCASTER","0xshugo","https://i.imgur.com/oB36V82.png",176,NULL,1035,"2023-12-02 17:56:09.068","2023-12-02 17:56:09.068"
"ENS","malston.eth",NULL,263,NULL,1036,"2023-12-02 19:05:31.269","2023-12-02 19:05:31.269"
"TALENT_PROTOCOL","malston",NULL,263,NULL,1037,"2023-12-02 19:05:31.722","2023-12-02 19:05:31.722"
"LENS","malston","https://cloudflare-ipfs.com/ipfs/QmeFa4MohvEiEgHs6XjMMgZv34fvuwM36K5LpWH7SeqWUp",263,NULL,1038,"2023-12-02 19:05:32.108","2023-12-02 19:05:32.108"
"FARCASTER","malston","https://lh3.googleusercontent.com/14PMXpyVVP5F0OxnZkWrsoEoyVPBYd6Fx1H39wC1EBZFShhjZkyvKVAGpprYqQS08uUfY1IawOzuqeGGZQW2RLs36zFf1wx_Hcnenw",263,NULL,1039,"2023-12-02 19:05:32.15","2023-12-02 19:05:32.15"
"ENS","gundamdweeb.eth",NULL,266,NULL,1043,"2023-12-02 21:07:00.323","2023-12-02 21:52:57.218"
"LENS","the_mack","https://cloudflare-ipfs.com/ipfs/bafybeig5fhrgbuiuvbt6ypcedpxivabuwtfpinw3tyzkyg63rwzyl64pxm",266,NULL,1044,"2023-12-02 21:07:01.025","2023-12-02 21:52:57.966"
"ENS","poormarty.eth",NULL,268,NULL,1053,"2023-12-02 21:46:32.488","2023-12-02 22:04:06.02"
"ENS","violetsummer.eth",NULL,238,NULL,1057,"2023-12-03 00:33:32.18","2023-12-03 00:33:32.18"
"LENS","violetverse","https://cloudflare-ipfs.com/ipfs/bafkreig2gxgqtwnfdz7k3rljanqjit7jxxui4fr37dglqv7zmc2kchw6ne",238,NULL,1058,"2023-12-03 00:33:32.922","2023-12-03 00:33:32.922"
"ENS","rzr.eth",NULL,270,NULL,1059,"2023-12-03 06:15:05.195","2023-12-03 06:15:05.195"
"ENS","itsaditya.eth",NULL,271,NULL,1060,"2023-12-03 08:16:49.529","2023-12-03 08:17:18.397"
"LENS","itsaditya","https://cloudflare-ipfs.com/ipfs/bafkreidvmhoorj4oezxdhtslgnaprnqm4v7culolc6vcf7rpydvmlqkegi",271,NULL,1061,"2023-12-03 08:16:50.956","2023-12-03 08:17:20.043"
"ENS","sdavv.eth","https://ipfs.io/ipfs/bafybeicm7pil36u7dccscfgoih4umwlcqp2hcsvxw6kaedmifgzpiig75u",254,NULL,1064,"2023-12-03 12:14:55.33","2023-12-03 12:15:07.799"
"TALENT_PROTOCOL","sdav","https://talentprotocol-mvp.s3.eu-west-2.amazonaws.com/f5352a0621095301c17384aefd09cc78",254,NULL,1065,"2023-12-03 12:14:56.726","2023-12-03 12:15:08.209"
"LENS","sdav_","https://cloudflare-ipfs.com/ipfs/bafybeiamrwxezdulyppsb6duhjauyasasxai2rdhcsqpprmannvi5lhk3m",254,NULL,1066,"2023-12-03 12:14:57.146","2023-12-03 12:15:08.617"
"ENS","dobeck.eth",NULL,274,NULL,1070,"2023-12-03 14:31:02.286","2023-12-04 15:05:14.878"
"LENS","dobeck","https://cloudflare-ipfs.com/ipfs/QmP7YuC9cBVdquvWm87Fz27bhbv7W467aE5HTZ2AaToMM7",274,NULL,1071,"2023-12-03 14:31:03.072","2023-12-04 15:05:15.596"
"FARCASTER","dbk","https://i.imgur.com/5VuszsQ.jpg",274,NULL,1072,"2023-12-03 14:31:03.109","2023-12-04 15:05:15.632"
"TALENT_PROTOCOL","hrmo25","https://talentprotocol-mvp.s3.eu-west-2.amazonaws.com/6ed7d6a8bb8b414732524eae125ce33d.jpg",277,NULL,1076,"2023-12-03 20:54:14.236","2023-12-03 20:54:14.236"
"LENS","hiromi","https://cloudflare-ipfs.com/ipfs/QmWaku9a5YeC3pMjTmZi9PXusm7fmFgKzBjgfNfoeGMLfF",277,NULL,1077,"2023-12-03 20:54:14.625","2023-12-03 20:54:14.625"
"ENS","alexjcomeau.eth","https://euc.li/alexjcomeau.eth",278,NULL,1078,"2023-12-04 04:16:47.001","2023-12-04 04:24:47.62"
"LENS","alexj","https://cloudflare-ipfs.com/ipfs/bafkreigq5p6bqoy65h6eugmwfykmubbmgjcg7swu26dm4jtfw4q2l4k54e",278,NULL,1079,"2023-12-04 04:16:47.722","2023-12-04 04:24:48.327"
"FARCASTER","alexcomeau","https://i.imgur.com/QLPKaO7.jpg",278,NULL,1080,"2023-12-04 04:16:47.749","2023-12-04 04:24:48.368"
"TALENT_PROTOCOL","petricab","https://talentprotocol-mvp.s3.eu-west-2.amazonaws.com/271022c96f5a3e7e8afa7305c4c3743c.jpg",275,NULL,1093,"2023-12-04 08:57:31.322","2023-12-04 15:28:06.006"
"TALENT_PROTOCOL","alejosepulveda","https://talentprotocol-mvp.s3.eu-west-2.amazonaws.com/491f8704a05fb934f3c05a1f94429cf2",279,NULL,1097,"2023-12-04 10:05:19.023","2023-12-04 10:05:19.023"
"LENS","alejoo","",279,NULL,1098,"2023-12-04 10:05:19.535","2023-12-04 10:05:19.535"
"TALENT_PROTOCOL","arlettemsalase","https://talentprotocol-mvp.s3.eu-west-2.amazonaws.com/a3c895dc60022903a66c18d1ea5e14af.jpg",284,NULL,1099,"2023-12-04 12:47:07.65","2023-12-04 12:47:07.65"
"LENS","arlettemsalase","https://cloudflare-ipfs.com/ipfs/Qmdc2JxaW5bvARSwhR9bwnRtVNsxBmsyKriX7u2sLtHFGs",284,NULL,1100,"2023-12-04 12:47:08.066","2023-12-04 12:47:08.066"
"FARCASTER","arlettemsalase","https://i.imgur.com/unFv8Zy.jpg",284,NULL,1101,"2023-12-04 12:47:08.105","2023-12-04 12:47:08.105"
"TALENT_PROTOCOL","luzalbaposse","https://talentprotocol-mvp.s3.eu-west-2.amazonaws.com/b325adc14ce39c49d5843e9c793bcad2.jpg",290,NULL,1118,"2023-12-05 11:23:53.522","2023-12-05 11:23:53.522"
"LENS","luzalbaposse","https://cloudflare-ipfs.com/ipfs/QmRd95BbgFVZVbKrvgS7QgYVAu6J5fFA5fU5E4S7zV7MJQ",290,NULL,1119,"2023-12-05 11:23:53.935","2023-12-05 11:23:53.935"
"ENS","masonnystrom.eth",NULL,292,NULL,1130,"2023-12-05 15:06:23.708","2023-12-05 15:06:23.708"
"LENS","masonnystrom","https://cloudflare-ipfs.com/ipfs/bafkreib2tklehkjmg2hqd5i7lx5cqr7jpyot6xtpjps3nkogipcgxxqfne",292,NULL,1131,"2023-12-05 15:06:25.254","2023-12-05 15:06:25.254"
"FARCASTER","masonnystrom.eth","https://pbs.twimg.com/profile_images/1088680276656500736/1qZ_KMbE_400x400.jpg",292,NULL,1132,"2023-12-05 15:06:25.28","2023-12-05 15:06:25.28"
"ENS","orestta.eth",NULL,293,NULL,1133,"2023-12-05 15:40:21.888","2023-12-05 17:50:14.631"
"LENS","otrsk","https://cloudflare-ipfs.com/ipfs/QmVy3SuDiTHrh858pTH17rPN7rQsWftUruz1qdPWqkmPoe",293,NULL,1134,"2023-12-05 15:40:22.667","2023-12-05 17:50:15.387"
"ENS","razzor.eth","https://euc.li/razzor.eth",296,NULL,1142,"2023-12-05 21:14:45.457","2023-12-05 21:14:45.457"
"LENS","razzor","",296,NULL,1143,"2023-12-05 21:14:46.266","2023-12-05 21:14:46.266"
"ENS","lito.eth","https://files.meebits.app/image/6743.png",289,NULL,1147,"2023-12-06 01:47:56.895","2023-12-06 01:47:56.895"
"LENS","litocoen","https://cloudflare-ipfs.com/ipfs/QmRxkhRneA7kGaUm5RxfCmFNGuwVrnfCi9Fj84nos12HeY",289,NULL,1148,"2023-12-06 01:47:57.61","2023-12-06 01:47:57.61"
"ENS","vajresh.eth","https://res.cloudinary.com/djp21wtxm/image/upload/v1634385769/hsjk46mdibx9tbgxo3qf.png",113,NULL,1149,"2023-12-06 06:40:55.885","2023-12-06 06:41:01.209"
"TALENT_PROTOCOL","bvajresh","https://talentprotocol-mvp.s3.eu-west-2.amazonaws.com/80b687791aa7a1b1600186c786da733f.jpg",113,NULL,1150,"2023-12-06 06:40:56.871","2023-12-06 06:41:01.578"
"LENS","bvajresh","https://cloudflare-ipfs.com/ipfs/bafybeih7b5k3uo5ra6no6zrdcyrsm5zmsr2fceejah5abg2twt73doybhq",113,NULL,1151,"2023-12-06 06:40:57.254","2023-12-06 06:41:01.937"
"FARCASTER","bvajresh","https://i.imgur.com/8MhvL4N.jpg",113,NULL,1152,"2023-12-06 06:40:57.284","2023-12-06 06:41:01.965"
"LENS","endman","https://cloudflare-ipfs.com/ipfs/QmbXr5XBSmENtqjri3VS5V5gFYwA1758ESUUdmrWTtq1sX",145,NULL,1157,"2023-12-06 10:00:10.138","2023-12-06 10:00:30.543"
"FARCASTER","endman","https://i.imgur.com/lRUFgwK.jpg",145,NULL,1158,"2023-12-06 10:00:12.959","2023-12-06 10:00:30.594"
"ENS","krinza.eth","https://ipfs.io/ipfs/Qmaseu2BbetLjA6eU7mQ2THEkjdBum5wq1EfuLAY2AoiEA/4082.png",300,NULL,1165,"2023-12-06 13:35:39.07","2023-12-06 13:41:33.818"
"LENS","krinza","https://cloudflare-ipfs.com/ipfs/Qmb913vaPVGdm3ydF5steVYcUZ1uG4T8qvhnQqcwLSMLZQ",300,NULL,1166,"2023-12-06 13:35:39.824","2023-12-06 13:41:34.538"
"FARCASTER","kayprasla","https://i.imgur.com/35A0nAY.jpg",300,NULL,1167,"2023-12-06 13:35:39.862","2023-12-06 13:41:34.573"
"ENS","rainbowlogo.eth","https://bafybeihzenyuvvvajnfird2wyodv37vq73jueqyjt6p3p47z4ax664rcoa.ipfs.nftstorage.link/5.png",301,NULL,1180,"2023-12-06 14:04:01.075","2023-12-06 14:04:01.075"
"LENS","biewen","https://ik.imagekit.io/lens/media-snapshot/5ff00307ec5a91b9e6bb2c73cd0cca5058db824a34b784046003bc5f208a7710.png",301,NULL,1181,"2023-12-06 14:04:01.775","2023-12-06 14:04:01.775"
"FARCASTER","flinks","https://i.imgur.com/2aVR8TL.jpg",301,NULL,1182,"2023-12-06 14:04:01.807","2023-12-06 14:04:01.807"
"TALENT_PROTOCOL","rsmarques",NULL,304,NULL,1183,"2023-12-06 14:24:52.713","2023-12-06 14:26:47.278"
"ENS","boidu.eth","https://ipfs.io/ipfs/QmZm1fjsrpQuSi7MFXEd5g5Scm4oNSfxujEk7WTbcHLogT",303,NULL,1185,"2023-12-06 16:13:55.517","2023-12-06 16:13:55.517"
"LENS","boidu","https://cloudflare-ipfs.com/ipfs/bafkreiceu6pa2xdscmaxzwtm7rd5b4vb2gjpvlsw6d4l5xz56ssxmoljdy",303,NULL,1186,"2023-12-06 16:13:56.283","2023-12-06 16:13:56.283"
"FARCASTER","boi","https://i.seadn.io/gae/VwAq_8Clvtyq1itGo3RkBVnf56JiVtzwhl8yz4mLmqCXqlmDtWTCvY6ubWJWfv4DlKFILxdoH8x-OKj0wKAPCprm0CfpthgQ4mpS?w=500&auto=format",303,NULL,1187,"2023-12-06 16:13:56.323","2023-12-06 16:13:56.323"
"ENS","kempsterrrr.eth","https://euc.li/kempsterrrr.eth",310,NULL,1188,"2023-12-06 17:29:50.461","2023-12-06 17:29:50.461"
"LENS","kempsterrrr","https://cloudflare-ipfs.com/ipfs/QmbN2ie5rHqLYw2vn6Rc2yYQkExVsBLemt2AoDEBZiwgKD",310,NULL,1189,"2023-12-06 17:29:51.226","2023-12-06 17:29:51.226"
"ENS","hiddentao.eth",NULL,294,NULL,1190,"2023-12-06 18:13:06.485","2023-12-06 18:13:11.071"
"ENS","amaritan.eth",NULL,312,NULL,1192,"2023-12-06 19:25:52.982","2023-12-06 19:25:52.982"
"TALENT_PROTOCOL","amandamaritan","https://talentprotocol-mvp.s3.eu-west-2.amazonaws.com/c1f8981a7bc1838464afb928d572c361.jpeg",312,NULL,1193,"2023-12-06 19:25:53.475","2023-12-06 19:25:53.475"
"ENS","barsik.eth","https://ipfs.io/ipfs/QmR9Gpadg1S5pqpsr2yPrt9GM5ur83jzanf8DqfCzeK8TA",313,NULL,1194,"2023-12-06 19:55:17.144","2023-12-07 04:30:29.769"
"TALENT_PROTOCOL","barsik","https://talentprotocol-mvp.s3.eu-west-2.amazonaws.com/e28c3cd2c412b9ce81ea742df6cc17e0.png",313,NULL,1195,"2023-12-06 19:55:17.515","2023-12-07 04:30:30.155"
"LENS","barsik","https://cloudflare-ipfs.com/ipfs/bafybeihdanu476s2h77ykuqqqw2bj3445kp45a3xxm7gfuirvsyipymkmi",313,NULL,1196,"2023-12-06 19:55:17.927","2023-12-07 04:30:30.6"
"FARCASTER","barsik","https://i.seadn.io/s/raw/files/d5923be97a99a0d9e008332536dc6a64.jpg?w=500&auto=format",313,NULL,1197,"2023-12-06 19:55:17.958","2023-12-07 04:30:30.639"
